ZOJSNU13EM,9510
2CJ24X0MPC,9526
ZBNEUE4XFP,9925
7QJJUVMGW0,9325
KWH4FHRJW1,9262
YQDH9U70VA,9517
4WJXBFNCGY,9504
WK1KAU7VGL,9568
SQOI120UWJ,9737
PN8ITTF9R3,9122
7H4PFZF92I,9341
IN9YOAWN2J,9365
2BG69PVM7K,9817
W0ES7GS6HS,9404
2MO3YKJWAK,9996
HORATS3FRQ,9050
9UFIO68M6N,9529
KEQ8WRKJKG,9684
2LR9Q3W8QM,9116
XU1JMCGP0W,9785
0OM6EOUMWG,9453
NPOU8T4XBD,9745
1ZY30VTAY9,9028
ZV3B2XBSHZ,9140
5TW10P5LNG,9139
5ADCS66RQ0,9920
48Z7EV09A3,9188
WJHZFN1K9R,9654
N32XJRYG7R,9674
8PLF0Q217Y,9180
SMSEHK2F3T,9402
US1YGINBLY,9107
XE26YHU71U,9143
DKC71557C1,9573
4DUEQF0HJ0,9805
LCBU4DS0OY,9815
9YOKQ2Y4F3,9122
6420XGF35G,9697
9RTOH30EBC,9922
EL1I54SGTN,9367
X2HL4740F4,9225
T66W3OJZ1D,9021
WIF3YM9N0X,9848
ALOLWZNM7I,9360
ZXOTYD0TWI,9989
J85IBN7AP8,9396
4D5163JKAX,9805
XUGCPFOQ6D,9681
BU1I2LZOJM,9780
YX7HUKTYJB,9400
6ER4MBOYNO,9941
IUUAP2OHGT,9857
56QHPJYKY5,9534
JHUPPZRLA9,9772
Y2RTAMFB0R,9923
XEEW8IE4V1,9470
PZ5409FEWM,9080
IOAZGHWXEW,9567
J5AUWDI3IG,9778
ZKG6JAFA5J,9739
GCE8M4AQQZ,9053
BUFL0ZJJL5,9575
LMOJXAK0HF,9896
AW4D0S0NB6,9675
S1NI2I649Y,9233
0M12W2Z8SW,9577
94NHU5EC3S,9807
UWVHO04LVA,9793
GN1GG02LF3,9161
XHD9RX3H0C,9968
TS34Y4MU7V,9819
6NDF97RBXQ,9618
CC9N36CWT9,9934
X3LRHEI65J,9203
LM0J15AI7H,9703
N2IBBXB32R,9930
9Z9WM7QD2F,9024
AQQBS4JCB6,9207
1XHZ6CWSSE,9884
SS9EJR2WWL,9660
I6VP40L1TV,9309
KIXEI7FADZ,9001
2BUR357BYF,9204
AS281U7JMW,9758
AEV8IPEF78,9898
X7QN0ZH6UA,9143
RVQNEVH5SW,9654
AFUKQWDIRD,9350
2FIQKNX96V,9857
VJOPIIS4X4,9284
HNPPK1HSER,9039
IF6AK139AX,9443
OOQW2GDAQH,9914
SQSPOC36RF,9366
2NAWPNWRTM,9166
TX2IQOHFAW,9219
PO4S1SSICX,9255
IQL0ZTTAV3,9370
8CFN6W9KPB,9806
EIPLA45A8L,9429
7ZIKITUICT,9199
5ZJPSUE6VQ,9910
0PGBJHJ8F4,9611
LAEY1HCJ6V,9564
07IEZW1WNI,9427
ELDZIOYUFH,9551
KC9R1F6D25,9111
6841UZQ54P,9160
MZCDFG089U,9572
2IOPRH1RMR,9907
UQMOOOYQM2,9098
F0EG310G8X,9348
UZWOZRGH84,9230
25Y90KHG1R,9419
K07Q6U8TOG,9021
UUUNIA6HJS,9277
5UBDCNPEKI,9090
IJ9RLPV384,9040
6VJEOHIRPW,9590
RO0CEJKBTG,9315
0VR9UTE70Q,9940
M4MQF4FQVC,9891
HY5X8IEGZ9,9347
CCME8PJM2A,9769
R35SEOLFSY,9852
7NFTYC27Q2,9277
D39EYQTES0,9879
GDDF7ZANF6,9227
A1LXT5892J,9053
WRG884X35B,9710
L1D68QHXEA,9036
CWJB69BGLS,9279
VDC4APIXO8,9723
IBKK91DRJZ,9619
20656604CG,9351
VE34COAYMT,9557
GYRBTY8WDI,9969
GPN6VZVW4O,9216
OZHJP1VLBU,9655
HGPLG46GIL,9731
QZLWSQNQ98,9898
WWD3388VXN,9838
RA724PEBYT,9663
R06U11UVCX,9650
7VTHJTJKPP,9350
Y39SK20G5S,9154
K9WKEDZ6NK,9944
DW4B81RW54,9653
O8OJ57ZJ66,9148
DH222LN9C3,9194
IG2JER1SFS,9478
BLPX0SMY7A,9060
XO48PHP5OO,9256
O10MIVTY60,9157
FCO46ZAUIP,9778
EKTZH5XQRU,9323
OABJG9KLZP,9629
8HWJY6QJV9,9765
PN2IYVTGYQ,9782
Z7ZMF7U819,9478
9C4T1L2R07,9174
3U89DB088K,9104
KEE4L7AV54,9985
3SLGMYCGRX,9176
XSMFE4ND1A,9362
ER0561VK2G,9820
DDR5QZ4LAZ,9078
VEHMXIRR2X,9621
8V7CNGDPRP,9528
T2SVHD6OHN,9543
7AOMHS0Q0A,9311
24JGYJBOBS,9332
LR3209X0JI,9216
M70IZWREW0,9679
D1EREUEJ9V,9156
GDGJEJ7U1J,9358
GN92XC0ETE,9028
FS9D2EKPY5,9708
OITWV6S53T,9808
2U0RPZ3HP7,9585
WSAB6WV3ET,9923
VF8ETEO109,9944
491O4S4QUK,9549
HKQJX995FE,9056
Q6O9FEGKDL,9526
ORYDPA2I0Q,9521
ROYLQLTSAR,9561
WOXL9DMQ1M,9361
6HUJD9NJ22,9385
C7Z6QTPUWJ,9630
HIZ8EJ2M39,9613
FU2ULTKY8D,9892
E3GE9SDUMX,9591
G2U3DL5XCS,9959
NCUO34D8VO,9000
YNI8IA6RUR,9503
E1A9SR7RLX,9947
1Z8P239WMK,9974
JUE705LTI0,9501
Z0JT7F6R2R,9675
