P209VOXZ1B,9426
L5DCQ45IL7,9852
904252VN9X,9890
HDVZLFW0XK,9007
BJHITW8RZ1,9709
0KI3IOYK3U,9520
V2KEEQRI25,9596
JA1MFRIX2Q,9581
LI0VSBIDA8,9181
YHKLG45URB,9762
RRG331ZVTX,9014
7R7VXG1NLJ,9363
TVAJAR1FQL,9094
Q4RSC9TX1T,9505
8S2FVT41B3,9499
FQUPFZQAKS,9359
AMU3IS7CZN,9834
BGZCHGGDS1,9262
4JXQ1LIK3N,9212
4KBG93F7DN,9059
D8YKHH5ONE,9598
14V4RUT41Y,9312
DYDUM1FQTN,9204
HCJAMWTBAB,9530
PSSI1W3JCG,9276
BXTA7U7NS7,9778
PD0S3AJW4U,9531
OTA5IQ9FT7,9718
FZQ5G0SX2C,9740
SBUG3HUPFU,9060
GB0TTAPBKE,9955
JTSD7BM0KR,9045
BWGZQGQ75B,9396
YWAJLXMSU2,9024
FQT79L69J0,9082
TGXJU54NFW,9535
8EB6RS867L,9664
SH7HSB1MJ7,9480
IBXEPDRAIM,9843
LX8WLA038D,9803
8O360Q03HE,9987
15PA7J5SJW,9351
9BAHGVKEFD,9103
W3Z5ME15OA,9200
RSOPKSFFBT,9530
2IUV82O549,9133
IVZHIDUPGW,9355
P5TG6OMAGF,9832
YCF4EC1EO3,9700
SJAJFF5X6O,9025
NTEI2R498Y,9552
4SROQR519W,9012
64G6W2AYJ5,9888
QKFE9QAQ1U,9212
CK3KKQORZ5,9919
1YD6QS6KTL,9766
1VUMH71F0A,9680
5ULW3L88F4,9830
J0BAKY9Y9Q,9287
BKJEBYCBB2,9146
6ISFAB7YJT,9851
IQ81M09XI8,9200
VSPAE38UDH,9391
2MPZPHRYPA,9114
NQGXI7PUV9,9581
4HSYYWRJIH,9164
7FH4C8BNJO,9993
U5NY2E6R5C,9679
E9CT4F92WT,9021
RPJQXAAI6S,9395
33OJ59ZTGY,9314
6CSAQYJWSJ,9000
49TGLARSXX,9743
696ZNFT7DQ,9121
LL4D2WZJ7Y,9635
H98BF3QHGA,9660
L199ZTW4V4,9162
0BEH0PIGER,9409
S484NKAD8Z,9747
T12YGLJ3BT,9940
81J6ZSYM2S,9662
C65SVW2HHQ,9935
ZDZM2GVVDD,9346
YY7K7HOBAS,9899
XOA01CCM85,9809
VFV9FGO06C,9323
MXEJ7XLX3E,9027
HJMD8NT93W,9774
306OUXYNMK,9113
VYK6XC8DGM,9127
FQD241ZGRM,9376
E6S0Q5V0UL,9655
KF9HG7D9KQ,9199
JM2NRMRZFT,9510
BMQJNXK7R0,9222
58IWTRGLET,9572
0R1JRIC5J0,9611
5KNR4AECIP,9161
0TXM8OFSWE,9042
PX73L2RGA6,9849
4BAQGV44XJ,9580
B27II6VU4G,9028
L9R9P73YFW,9447
KJ35BKD0FU,9145
DKG5F1JGR9,9557
BIRO2JQCU6,9348
IXLQS3NB1V,9265
814RIMALJM,9399
HV2EXS6NEH,9478
P3NV5E6S78,9025
BF17JJF5AA,9899
SBCW108EZ1,9508
CPES1E0BGH,9792
RZWMHPOSLX,9037
964HJQ24VF,9623
M362R026RV,9435
O3ISF2VRYJ,9427
DLDAQ0X7OO,9693
16TK6BCJ30,9230
AS5EY9B3XQ,9242
QW0IDXHJDA,9242
RU9D24XWCA,9954
M4WPQ8JWU6,9406
6PU51C4F4Q,9948
JH1P1U0Z19,9419
ZTG134JPYU,9081
AAVGBHUX6J,9485
X1W9BIHUX3,9134
DJ9O2UUU7K,9061
DE6GWADWJY,9429
Z5Z2AFZWGK,9425
3GGBXTZIPF,9811
AY1E6NAVE9,9324
0THIYEZ6KB,9008
RZ5BBMCS8W,9645
GJR5ZUE3AI,9866
NJBW5LBNBY,9445
QZ5P65KMSJ,9622
C1I5VSX9D6,9751
417UI3PCCQ,9489
7JIL6PE9WT,9735
YZUONQOVC1,9738
GR5YM8UEDC,9475
U22RL9IXDC,9195
8HTPNKD5Z8,9493
NXIUH5NMWH,9350
335TUOOOER,9735
6SWSJZND3U,9158
YN6MP2B261,9876
I3AQTCV1B4,9069
MXWDD74L5V,9019
XA02PQ3MPP,9863
P9JZS2ZY0V,9735
TJLDZUK2VX,9390
BSMEMGEOYP,9352
RNPEOSYQ03,9871
VSEPLS7YI6,9500
MRMX4DM6O6,9633
K9ATS2QKYV,9118
82GHMNIGRW,9071
KJ0UD2OM5J,9050
Y0JM76YOLH,9876
OJ82VGXDCL,9905
SM273FI16H,9116
BWQ8QRMB3K,9431
WLZGFF0WJT,9379
TRF4G31NVM,9279
IBT7J5F5A7,9218
HC6OUEVM7Y,9147
4N07HH5FS3,9050
236W0ZCEW7,9547
BN4LO7TAIH,9640
VBG67BA0U3,9194
1FZA3DGX4K,9204
LI829IBCTO,9457
HMO7JNXQ7L,9017
4Y1PYU1QOS,9944
JX3II2U10N,9906
4LXXAS2JCB,9757
AM97Q2GN8J,9576
IRKQW2KTKJ,9680
ZQIB3ZXIXG,9025
CBYMELP6U2,9421
DVJED7DSLE,9644
5ZVGM6YW4H,9609
3IMJYK68FN,9131
CU3CBRP8K0,9299
J08SMCNIMI,9464
C34Y520MVW,9864
ZH8X4NI4WS,9734
C6Q02YBLHO,9626
M76J1TUEAK,9912
5468R3KH3C,9121
LRK13ZR0CJ,9297
TAYCW15MJE,9395
2UKYYNK1UV,9937
W4ZI3COGCH,9605
AMOPRUCNJ1,9212
EJOPO97UOO,9346
FPGB2DAFTC,9393
IRQUIFWT8K,9264
5BDUP3VX8M,9470
S33M0GJBNF,9175
FC4CWP1SH4,9515
0KUWNH41C1,9817
8B7733OA8P,9278
7QIV0CVXJE,9890
CNYRZ1WE3B,9765
F4V0PKXY7M,9814
V5NL8MTCPM,9407
Y71URJ4N4J,9931
1Y0PTU9301,9471
T4TW228FYA,9532
7D672JJXSO,9177
PYYDB8XEU5,9888
NBKLJZRMXK,9273
Y2AAE5RZPR,9402
0O7OCWH52U,9303
H97790WO1D,9006
5G93SQQJSC,9393
KSBMCBNZ8B,9571
SWTZQW5ONB,9590
NWOPLVDCKI,9760
SM0S37PNGU,9793
9KJ4NNPPYZ,9212
IVU5SVSHL4,9919
1TB2BEEXLJ,9696
RR01FEKCZ6,9224
BDKEY33V4K,9835
SXL3EELMTX,9243
R6MA51SKEA,9022
JCPCANUA5A,9756
4FVTG6MSWR,9075
VUED194O1F,9116
MYQFC6IW20,9669
Q8RG27EMZZ,9897
A5W7QTXO1C,9788
21P6LBX17I,9539
DA2G2B8EVJ,9797
D4YUERCTCB,9474
OPGAUJ0HJM,9064
8AL7VIBTJG,9721
W9W1N41TT0,9349
RC3PD6KHQV,9367
JLP2CD8W20,9133
SYNKM55HUN,9484
PTVREW7UMP,9874
HZL3Z3U7ZE,9936
5AWKOF1KOE,9953
711GWRVUAA,9485
41D85GCOHS,9524
Y2MWZGBP7V,9990
9P2P1RTP59,9565
3MLDEDMA82,9843
ZXM6J7AH27,9116
JJDO5VZVBV,9475
W8T6336XUY,9684
ITTR0D1KVF,9088
BZ35KK2XN7,9607
OJF11G9BY2,9155
BHS5PV7TPM,9816
EAZ2RVV8O6,9995
OD6JRSWRPG,9678
M74WJ5HBAE,9382
YC5T3R60D3,9744
28E18WJQ39,9402
RKT2G8LFQB,9068
E32YIRBJJF,9993
9ZIUBJAKRF,9597
CZOMZB3ZAJ,9829
GHR09HXWIJ,9282
XS1B4S2SEH,9331
DZLP31FZXL,9595
5EREKNUOTS,9346
I72QTA68AN,9822
FWEIYHVU4S,9478
0NODAG4DMY,9904
F89EJ9Y4PM,9918
92R4S73Q2H,9421
OKXI8L6GG4,9596
69D5HR27UP,9059
G6Z03X90BY,9891
MQKD41L6D6,9877
F4MRY2M5UB,9148
Z1F29ZB60W,9653
57AWBM4LSQ,9707
3K50WT5PIZ,9986
6YHTTMGFUE,9902
HQNI97MGYT,9375
O9THO6O57N,9040
360BPL22ZN,9332
K8U4I4606U,9309
45VK0P4EZP,9974
4FW2OHVYBX,9317
KVLBYZQD1K,9777
BZ64W98A32,9015
SQUUZJRV8Z,9830
3IOR5IQT9J,9347
5TZ2B0NIPA,9362
GA8O0X39H1,9012
