Z9KOL4E01C,9109
UU1Q6PDOOZ,9850
5SLJF989K5,9613
WEHW207JI3,9733
YN0OUQO6NY,9227
NO9QHAPNA4,9385
7APWGPSMWY,9583
APIH1Z1ZD1,9093
EID0H1CUC6,9532
AM9KDCTTBQ,9618
UT8RF7K884,9082
71YIPZ4GHO,9105
NBNOQD52IF,9767
77BABVJSA1,9736
NMFNYQ44UC,9393
9AJGZBZPJP,9972
SMCK1YHA57,9084
EYNCFPGRLH,9965
WVMUCOGXWL,9868
2VGMQY1WLB,9972
DPB7C7KBAF,9204
B06F09MM72,9604
F6N49Y77E4,9185
ARYRWI0P4J,9328
QA9PLE4VXJ,9582
OL1ZPIM1VG,9805
AP1R5LAUVB,9882
0UH61841I5,9023
TUGLXUJPWV,9618
1P6MZAYGFC,9545
VRTQR4MT1I,9201
UPW6O08CVW,9199
VENKWH33NK,9980
0OZXXIEBS8,9904
KC0F063LEK,9321
7PAX5QK0EG,9270
1ZHR8TPMVT,9577
YQX6XWC0E7,9918
BK1PIWT103,9463
PTM7ENKKX9,9199
TI9KNGVLW1,9805
6BKUXNXTBF,9913
UH5XH80VHM,9200
ZXN72G0EX6,9478
87E7YB9MZU,9144
HHP4VGH2NM,9859
46KALPGNJE,9132
0R6DE7XG74,9333
CNTE3VMT2P,9363
WJDOHHQVFO,9403
E5413ECZB2,9138
UUSFYRYOA6,9715
NKTVQ3ECF8,9929
R59S5R4ZSR,9715
1J62G3G8T0,9875
FT5EAFBR00,9796
2Q4KCOHBVJ,9116
MD3OV2IDOA,9057
EPMC38AUX9,9426
ZVAI6UM4SR,9871
BWIQY9N6TE,9391
ABLGBU0QHN,9824
TN9V59EB2M,9484
Z21944HS3P,9757
EFUGKVG9HF,9922
KQPG2KU30I,9681
PMI0DFMJ9T,9358
PWW9AFYAFB,9307
O9DNVGGWNB,9787
D3ONDX0TDW,9092
W5BNR7G4FG,9533
S0NJRX058P,9816
2UYE0VNV9J,9742
S6T7LKQRCP,9754
7N32U4X5VA,9930
J0KW33SKC1,9793
AJAKMVI3SC,9046
4V9S0FXPIQ,9040
FT10VHZVO6,9122
UMSM41VAWD,9489
08758WXWTL,9484
6O2V3X31L2,9290
VJDTPL1RCK,9687
7SJHQ3QCRU,9164
DGTASVAAMQ,9166
PSE1PLK1QZ,9935
RNLVH073GI,9328
0MZMQ57KG9,9739
MZN3SK8DIW,9503
U5AG4JF376,9495
RS7EDD1EAB,9460
XUYV14SJY0,9944
8CJF80H7OG,9040
1PMM9ODFIZ,9366
I1IQ0K7HBR,9882
UBAQYJHYAF,9224
OE09FN9OE8,9307
TUID6JSMOQ,9392
2P67VKDOD1,9787
D84EPB43UL,9695
D08VWHPA48,9538
1DN7TPQ9FF,9044
8EV5Z6YN8B,9234
BPOHO545OA,9720
OBTV7W3AKA,9907
MZPUE0WBLZ,9261
9AMBLMVYFV,9827
QT0IKVB514,9073
IPC3GPD792,9776
MSDVTG2ANF,9144
YSEMY70VNY,9565
QUF90BEXX0,9483
WRJQXIXRV8,9416
YOUPYI7H1A,9890
2074XW1GTQ,9779
S9CM7JUPQF,9856
RG9NJ6K0JS,9565
5JYVRLAISZ,9570
P5VT1G7XBL,9420
SJB84XB65U,9875
4JMUUD49BB,9743
SVF5RP9MNM,9500
EMRNYGBMX9,9277
OGRX2QGUAA,9414
FWCYMI7NO6,9252
PAU23T7SJ0,9713
6DRFWZNDJ0,9171
QU9DPYMBKD,9084
Z5WPKFP5Z2,9330
MT6IX7BMKE,9802
C7IZN56249,9943
ZS9HHY44IQ,9648
1BJ95V4L94,9679
Q0V9IQD43J,9419
94V4T2PZ5S,9902
GX4DU86W1F,9725
Y7V2JAZPMK,9525
TXM8VHNUPX,9159
3C5W6J5LL0,9850
H5CHGBKOQ1,9857
FF0JDWSKD5,9946
RS9EF0KB08,9533
PM4TFKL3DK,9968
I8Z8BA7U6H,9761
UJU3HBXECS,9957
TJYSE4DFKV,9225
0SX09QAQ45,9275
S9EI1CSW4Q,9865
9KUIYQUEM4,9556
V7M8NP1IDI,9521
4NHXXKRJ9F,9316
L7UUU13ENX,9952
GRUNT7S73S,9067
Y36W7MF0C6,9633
DS3GPT5QWI,9379
M7J7RUKKVY,9483
Z2H264G8J8,9257
KRPV0XWIYV,9986
DNFAF79327,9932
R75K4OTUEK,9742
A02CFMUKH1,9251
PLJ1PT4L0R,9295
IG2K5SBBPE,9564
QLKHT7GHEU,9974
0ILQXJY8PK,9084
W5UNID0XY8,9468
AU3J3O1QCX,9142
SGYBMU3U0D,9052
4VWFJTBJFI,9232
LPS9U0WJ38,9838
CT5BMDHZ4V,9323
L231S1YQP6,9520
U35UMIJS9I,9380
OROX2QIN7O,9291
DHXD0B6EXH,9638
7CYHJX4Z1H,9688
9089MM7BNQ,9676
H5D4I6VHMS,9634
F99LP3GK24,9524
UFM94TA26G,9673
NJEPSCIMAI,9979
A0ODESN693,9485
WHOF6FOIWU,9656
9GRQY1AK6R,9064
5GNPVU9W9S,9726
BEJ4I6OB7A,9469
50318CTJPZ,9075
WBXW7PMEAR,9359
N9B8XONZ0T,9201
APNDW2K63J,9828
OAIKP0IAAM,9899
Y0C48B1Z69,9225
S4K4F99258,9178
QGHM8LZFXV,9833
8A9EVHH1SZ,9255
G5TQLRL1EQ,9740
QR87V7H06G,9696
ZJ95QYQTQD,9035
X4676GEMGD,9821
0DWQFE8MIY,9387
NFZUC3L9YE,9598
3WZNE1LYTB,9078
WV2XXK1PAB,9231
HG5DYT2OX6,9729
6NK04UT8JP,9164
5LSOQMOV3U,9568
V76BR23A0A,9191
9XUYEDS44V,9815
WSDCEMSB0A,9653
FKC9AFW4P0,9484
HBTDQJIF64,9154
SD90KF1N7X,9369
C5J881R2Y9,9877
8TRDR2KNVE,9385
274YFPYRFQ,9456
38R3DMRYIJ,9357
DNFPTYKCWL,9316
UF6RXRHTUO,9223
S00JQ4L88F,9229
WBMZIM4YAG,9409
GF2YVOQPXL,9971
QURV4G3YQH,9456
FPDDAFO452,9588
3AXZT1EJH5,9983
VMKMX0OUKB,9528
Y4I5B7SWFE,9013
LYW3MQUDXF,9366
HC56PYCCA2,9284
S1AZ0K4ZXV,9807
YKY10PCPGI,9043
P97TFOISSE,9074
WGBU3K99N2,9401
JJZ29DVBQ5,9986
7UCPK26JTS,9469
IPVGSG3GKI,9371
BZ2613F0RW,9948
18RSEFBGVK,9501
Z48JRCOXUL,9779
1IWAR31CQS,9270
V23BBWEPJN,9738
JRK06TZPJY,9607
809WSFUCMV,9384
BCLTJ30YU4,9589
R0GBNML5T9,9130
2NAUAZKHIT,9764
XG2O7CCL8O,9344
G6IYOBUT57,9023
9QEZBYNZLU,9109
MPVFHA600W,9808
XA60DUNNCM,9056
MZ8PGEPYVM,9286
KXW0Y26QQD,9168
DT9B63JHHA,9821
P95QPUR0DC,9821
V35L7I0YXJ,9757
DGPUFOQPGH,9762
BUMAWMRH54,9109
ZQNGKFMNM9,9995
SQCAS8A8YY,9469
7Y89JL8Z68,9673
A19GEAGEMG,9328
ME6JHH8PJD,9595
PGYBV7TXUW,9869
B06V3IEKWM,9933
28OUOQNHSG,9410
D3V14OCUXT,9814
49KX68813D,9878
VC9ST4D452,9140
XTQFFIM5VW,9396
DPCFA34E3Z,9743
XYF4GBGTSW,9573
8AGO6TV6C3,9264
YYQCZ4GVF0,9656
RVM6EF8N40,9909
YGETN8DQI7,9005
IPWV4T1S48,9499
Q2ZKY2FHOZ,9850
C6TJR0EDGW,9784
W2IVLUMA9F,9658
VV5AH4AFOE,9342
C2EFCJQEMS,9268
SU1EATDHDS,9182
I4MIL3FIFR,9895
ZIUWS6SCGG,9802
SS5VIS4C0G,9883
UZXY146IV3,9479
B0DVSTL1XL,9102
AY81966GWP,9814
HH05XT5OVF,9187
CKXW8GWVBP,9831
JPALBUTXCP,9942
XX39BPERUX,9409
GUW61LKKAM,9727
GZOZ7VYMQW,9460
9TGLY9AB2R,9361
ZOKUB3FNCI,9340
APNJ8ZS3EG,9320
NTMN8PWYL7,9905
9VETRBEQK3,9426
QK98AMQ8GA,9257
NFVWBM1PY4,9778
BKCCLQHVMD,9647
YDBJIH2SA3,9427
3UOGY5KT4O,9930
XI93KCIVBG,9564
DQ4PX5UNLQ,9520
55TAJ80BT4,9144
XRX2F07XDQ,9648
44WQPRKE98,9706
E3W0FXEYBB,9932
H9A6DXAB5I,9164
I09YQ86FRZ,9326
9350LGVPSJ,9481
ZDMQKXJVQM,9899
P9M430JGYJ,9842
L2TA5PXUQP,9433
7SHWA1IG8W,9569
DFPJOMJ7UV,9144
87VRDER71S,9125
GI33UYURQ2,9642
XWL91TM7JW,9419
R3N0IQT1OD,9571
UAADQ5USMD,9585
2PVX3F26S0,9172
TWP015XIQA,9474
J4TLTO9M7O,9237
JMNPOVKFMU,9057
ZCS5RDNQO9,9863
ZDIKHA6VUC,9275
RDQTD0SUMC,9165
2PS6WRON4T,9150
3WBZYB1KQN,9785
A1E4W3GR8X,9259
1XVAN4S0WY,9378
PA05KHULGL,9582
OVYW8Q0D93,9060
WWY8PC468B,9288
835GEE0QR0,9393
K385C5NYFK,9760
D1N0M9CS3Q,9064
C77I6OIRO1,9237
3RWATUB7F4,9042
OFFDS0WLW1,9057
3KNNA0SZEN,9024
E9PZMOOLN4,9834
4CVS65T3ZI,9604
PB4XA9Q2XF,9197
1R1PUX91TZ,9969
78XR5C8JHL,9669
KZBY308LE5,9672
62UKZG5PTG,9709
6DXWDXSVTX,9622
4IW1V2WRKT,9737
94POLT2QNE,9915
DYN200Z2Q7,9454
64SFF3BCHM,9802
8S3X8L6NR9,9776
OC5HV8DQGO,9861
R5RD35W2Q3,9481
9TCMI472IU,9004
691K7ZO5O3,9064
PS9HBU8AMO,9581
0R39PVSL2R,9854
08RVYM96FY,9845
JPIA80KMAT,9001
HY41XVTABR,9107
S25K4FRDRA,9174
U5AI8UFKHM,9183
RJRYBRT0X7,9581
KJSCH1J9BK,9115
6E5S5GOMO0,9710
06ISX2G7W2,9227
0U8BG9BHMK,9876
QX4F2IOGBZ,9130
YZ5CWQ9CKV,9916
Q7DZB0LPKQ,9375
8EKUQSPW6E,9904
9UPAUPEZY2,9092
4R3VEUSHYJ,9429
Q7MBIBJZOB,9524
RDBQVCBMOG,9930
3TNFXSFBLN,9958
INZLVZYBOJ,9522
027SQ4EFE2,9770
UEXRLBIT6A,9194
QVCSYJA6BF,9467
XRVUKVGBO9,9480
FW179CU0ZW,9094
SDLAQJOM9X,9626
LL0DQ3PSOE,9145
YVJF03533J,9121
ARXEIM0B95,9428
D18DFUL69W,9103
ZPHS8I63D4,9474
SP6ST66AXI,9491
MHVD0FCP0M,9733
CT12VVGKUK,9651
BOOX4AJNAK,9391
2NP87FMTA7,9479
UKS1AFV58I,9085
0QYL9CG9A8,9556
L1604E7YH0,9805
MHE7MBVSR9,9262
LZK2ZP04E7,9252
LSHC2GP1CK,9983
9V1E8DVOW1,9872
MF65YWWKGX,9853
65RDIQRVUC,9806
YVNIQVY29R,9852
YI7IIZM657,9096
ALXFNTP9KU,9253
UMUUY0SLZ9,9826
N3PY5SG4OL,9095
MAN9ZHZ0KW,9834
PB8E87A337,9275
RTZ91OUUVJ,9395
L96I4ZBP6S,9663
9LL091F9L5,9711
C7H3LNM1LF,9137
8G7NO5W67E,9660
V0JGLUVWMN,9778
2DJS9NYR74,9858
V54W3F7XJK,9045
MZPLEJN4BY,9228
ZKKGFONWE5,9936
6ZZ7QZ7YNE,9139
HUUEM4UN8L,9077
5G7B8FFTSD,9150
BJS3ZPXWPY,9275
1Q2TYKFQXD,9568
9081ZT595T,9497
O94I1COPJ6,9429
KMNWB2X7JN,9463
I98A95BPET,9651
OHYRKK7QTW,9163
FVIEQMWZ4D,9293
34M2TDE0IQ,9523
WIH7TJW4EV,9953
DRTQJKBG8U,9272
6Q2MMD55SL,9491
J6MXSKVU9U,9602
DQMW9XJOKB,9110
V80LSR1A47,9535
48RFP5GVCH,9539
DIMPHH0BDW,9317
HEE7ERBR4C,9834
UY8P6LL01E,9442
2BB3ZH99FU,9489
7X8UU16G3R,9564
P0UC0OHPTF,9662
D3ZIVLWK8I,9948
2X997SFC2A,9143
EJRTTJXEXA,9237
7B4EDAYHK4,9382
0JGC7XRFX4,9589
M5I4SL4AEF,9053
G4KLC4BRBR,9129
W5VJSSLAZF,9436
W66XZQVYDU,9600
E2F88XBP19,9695
FB1DZVSX5X,9552
173MAL8URJ,9240
B5DCF78HKN,9196
TEM1EMZQ8N,9210
XCRJMMZS1A,9912
FPUGNDAU7F,9854
XCENOKUDWC,9819
COQTV4F3LD,9322
ZILD5V5D7M,9253
BRL1TY6PLF,9825
3JPLNKK0A5,9474
ZEUIQIWR5P,9820
LQVXCD0MTY,9842
ILT3FE4V9X,9981
X1N6GPZ43X,9885
PSET61OQE8,9075
7LW1H4214D,9317
KTVICA7BE8,9995
K3TD4E12HM,9783
QPKLGC4TXT,9151
1LI5SIGEPQ,9620
CF97J4DDZP,9085
1AC9TG7ZR5,9598
ECA031U88Z,9912
KG2CED7I2D,9073
RJ3M43BF87,9511
ZEAX0SJO7B,9804
WUQGXM2QZ4,9651
21EF05UOVD,9731
FUDTRBYSGH,9924
L53QJSHDNO,9262
PMARPA80DM,9732
5AKBPZNEF6,9645
TWZ4Y30NOW,9971
E1I4VT6X1Y,9055
K8WCVDCDMT,9010
5IFO2E9KJD,9621
RWPP7XEI4I,9889
EL3XSEZX6N,9088
DMGLATV8L7,9594
NNGY2RK813,9535
YXCG86A276,9933
JQPCKCEBI9,9556
OVX416M1M9,9653
K26MYXPQXX,9692
8EBRN5VMDP,9452
01UA2L89UD,9560
YSHFM3MO1V,9262
U0QUBXRMLM,9208
I7OY4O9BWD,9770
5X63JA31IK,9740
IVWD0KDXVR,9800
EBUD2PFD4G,9222
MJ546S90EN,9222
7X9QEU8F1W,9174
UFQCOB2D99,9231
J5O0AVK14L,9619
7RNCPG5BXJ,9876
FISBD3822E,9923
XLGD6FVW9W,9284
0Z49CF1DHB,9405
EKME8QI7YH,9005
Q0TGCPRAE7,9320
WR8RS7ML74,9282
GDZK9WKLGY,9767
C9IQ9NM16B,9642
850FGWY45N,9074
73X5RKPE4G,9735
FUWXO2WGWJ,9138
RJJJBCWS51,9804
Q89SL2MY6P,9405
0HIFY6B034,9308
9O3R663HU2,9952
T959QHMRGT,9787
8523XLP695,9188
6NXX6FXYPF,9506
T4E8ZB7BEX,9135
7V300JSEWG,9274
HY3VTTXG5Z,9081
RTC9TD3AT2,9197
UR42UG4J0B,9198
RIR7FJ5Q10,9510
W5SBDZ0KZ5,9637
3LLHITIVBV,9339
S1T7J20SHF,9589
81O1W0HTJE,9637
04860IINQZ,9788
35LSAIML1D,9192
4OTJWWMLVB,9421
GMUNIKP4KS,9293
BJQFLGDZMM,9802
8FZIDR0ZZ1,9239
XUCDSU5J32,9995
HSEMQE38HR,9476
52EN2BY7R5,9405
8HTP4KX843,9085
X7N3C6KDVP,9592
FW4P38AI4E,9574
3TFZTZYYTK,9359
8WQA8KOPA2,9254
0T2BHFIM1P,9264
AWXUZKFYHJ,9987
HBJTYYUM1C,9630
BIXN3YHYSR,9548
SDGVKRTJGP,9784
17OOP09Z68,9599
0J7LD8SUD9,9836
6LZ8Y7QT47,9348
HNNXHACUG0,9638
C7OCROJK18,9714
20T927DW7U,9501
EXOWS8M6WR,9060
5N4SGEZLYW,9363
G1U4XSQSFS,9117
P3QI2OCQ2V,9446
VL4JLHKSOK,9616
28X1598IOA,9000
5511AWFQ3K,9751
KMG7Q9GPM7,9288
O0TASEXM05,9023
O29DRU9QGG,9031
FJF29L21Z4,9609
C2KIZI6P0W,9093
AS0OXH3SD3,9932
4NU4ABY6B7,9751
P9AF9M95HQ,9698
X9ZSGF79JY,9182
UR4UQO12SN,9132
H4FSI12UET,9496
02I1F04EOP,9700
J4I9QOE58G,9683
T1UNAR7DCJ,9979
0NFPOE1Z6P,9770
U54ZBR76I9,9797
80SE71EIST,9237
NSNF4922JT,9614
AILR4PBJJ8,9764
E6LPTWFTMS,9977
M541XVMQZK,9003
27BENPOUSG,9292
1FFWPLN8U0,9794
PLW5JMQ2PM,9151
AUYQZ6K7TT,9128
64FA09IFLM,9549
BJJPSBNHYP,9948
0AFCD6DZM7,9557
LIIWZ4CCM8,9503
V62O6695R8,9079
CHW0E4ZYLI,9876
IR7N3GFADG,9764
YFIOS6I2T3,9306
Y2ID3FFFWU,9088
SQDVEDR2SV,9052
AWWMBTURXG,9790
MSOUA0Y1NG,9055
QJL1R4F1WV,9087
X5O5AM03TR,9322
BEDBC857MF,9430
T3TU81DNUY,9352
T1NHIM1PMQ,9690
3VHA5MZEJC,9292
ZG75A7C2FC,9306
1WCMRXMJIU,9952
XJ2ZMF2U9W,9792
K47M1Q27R6,9175
YUBLFRUJUK,9424
EJJTTUPGIK,9882
NKGOILVKN1,9151
69MFZZHZ65,9468
4VR10PFL8Y,9338
YO6EFIBC8X,9900
OKG7GWH98N,9669
D4EK7CM4YY,9030
O22LF1MBWI,9503
0ANISLQLMB,9275
OD5IKWAFMC,9744
64IVX7C1YY,9583
N5OEOCMD4D,9284
WVFPRC4Y5K,9975
ZEWG5RKC4W,9488
662PUTTVN4,9984
A3W51O6DVK,9762
VTD8KMRVC8,9648
GX5WRJKUFO,9336
BB52K7WL0Z,9850
QZW6M5FHLI,9415
7XEIC9Q2XN,9719
ITSLGBZ0E8,9456
UXDKT4MH25,9079
W2EHIDWYJX,9362
R1XFXXZUFE,9336
4ZOVPDGLL2,9481
WUAE7NAD50,9796
HXI5V75XHH,9052
CJSK04080T,9990
I9ERE15FPI,9078
L8VXAEN2WU,9829
G2UQUAN8TW,9082
S3LM5DIXV8,9246
S6D7WZBPAD,9414
HSP53SC5H1,9434
1PPF4L6NUW,9846
GAD1Z9IDHY,9912
43OA0SYW7N,9084
7F511CHEJ9,9638
F7Q25ZKWP0,9050
O448MFMO2M,9070
0FZ3MQC5N0,9181
6YPKPCL8A0,9767
96WL0ZNARR,9808
AU2BAJAO27,9851
I6I6MTIF3V,9875
QLT6NC1FAZ,9109
LZ7S0IUBX7,9139
82CEDV6GJ0,9369
YDJ9HYSQYT,9156
7GMTKCV2QR,9708
Y33V474TR1,9107
8YRR43KTYA,9969
OZ8621ZTSZ,9054
SGU3UEODQK,9281
P2KQSXQ9KG,9476
TAIHZHW8NK,9203
BKSH6P90UT,9032
CAS6QA6N23,9950
2LQ0GF3HTP,9570
SE0PA94H1F,9879
YICM8PWQ1W,9214
0CPQZCJC8N,9081
VGKNSBV23M,9286
1I4H5BSZ4L,9768
3G5REVSYPN,9581
MLFUZ4WKMP,9965
ADNXPEXRJN,9211
PL51LHI8B9,9438
NOL0D8C79V,9027
NBRZDF6UHI,9799
04SYIWS6CS,9438
68M565T4TN,9719
YR4K7US26L,9153
GDSNLIS2YZ,9926
E8NSGMIL9Z,9357
RFWFK4984N,9832
AGK4JO2018,9224
QXL8DA5865,9658
ESPIL600IC,9646
6EPEBXI1FD,9239
K6U8JWLWGN,9545
XIHB5FLIAJ,9119
LF2BGASWRJ,9810
WMYJ1XPSL3,9530
DRIGG6ABG9,9213
OYP0SPR028,9744
RIPE8D74I9,9176
V4JKAJWQS6,9242
H6NP31NY33,9785
OJIVRWSBPB,9309
LCR5GM4MQV,9496
BU3FKXXX9N,9585
DLMP1U30V5,9676
Q2JKNRPJFI,9116
57OREM7FHA,9718
9W1S4M41YB,9297
B01SMIVV19,9760
I9Y2DWRVX1,9880
VIFR15NZDY,9266
FDOZCCPW7D,9831
H641NP1Z9G,9534
I1HC2NEEPD,9307
7187Y6M0X1,9817
2V3SBYQAQZ,9450
QRQMD89OOJ,9079
ACP9CPIEVG,9266
S0OCK8AOYL,9362
1P1Q7MY585,9448
HEDKIFCKGC,9033
TOUPASNPN4,9569
SZ51SE7C6T,9597
Y0IN6NQM25,9186
1L69B7SUAL,9874
N3MJ44H6D6,9403
M7AHZ3H8C9,9565
8VPS7TDORS,9306
5RDIVEFGUN,9067
0U939MJBP2,9595
A58Y88LPM4,9493
TOJHG81B6H,9335
T9GFEGHXA7,9691
XOPDXE50MO,9432
BACDEZ3GVA,9732
YD14FY41LO,9523
X447Q04OZ1,9315
JTSHRBS64P,9400
IAS8R7M5WR,9180
KPFN6LHX30,9405
NNOWEV28OX,9349
ZTFOFGWHF3,9768
SWKVQ9M8GC,9634
ZHNNHIYDAN,9527
8X9BOQLB7Q,9037
WJGC3SBY5J,9600
N0E9JOSXUA,9854
JCHTMEBHNG,9880
YY5QBQS2ML,9781
KRE5E9ZL8M,9033
9SEA46I3IQ,9989
L0SLQO1PPT,9324
ZKDBK24UC2,9159
G2T8IW03G1,9215
GH12I0OT0V,9769
F1NAJBNZEQ,9980
6O7Z4WXUXM,9981
TDG94L20OS,9434
IKN4XSU324,9134
IXF5GGODZ6,9615
1HQH2B1RCW,9918
EIQBAL9TKP,9941
HTEL0PGS1U,9593
EA9HEYOIZP,9800
5MCGPIHFM7,9918
1WHV37HQZG,9436
2322C7QWGV,9461
5012RM2K0K,9964
L7ND70IASY,9048
6WYYZDLSLA,9080
PSIEFTBM2H,9659
2GTEQ3M8EZ,9072
3OKQ8QPL48,9638
A222UFU3EK,9958
LKCJPYMVEN,9197
8DDO9L1CH8,9978
OK1KT9PN8C,9763
ZELQ6GUNJA,9676
CG2Z5EJEAN,9813
2BHSO2UTYC,9579
9COG322LBI,9663
OHJHCR9BNV,9743
FG82W4LISZ,9108
PZ3X8RBNSV,9538
8GX520XT21,9269
H6R8BMBQUF,9202
GF87ZN5454,9462
GA4U15HMYJ,9062
3D6CKQMI4Z,9839
RGBW0WIOFW,9512
N923MBEFI0,9739
GYL8OLE43X,9446
X9O8ODMYFA,9159
DV3LG2SSH3,9641
CJ67ZK2HXP,9787
QDBW89FYW8,9894
FNZI2SAR4L,9049
YJDMIWM2A8,9889
JKNYEYWESX,9263
GTU20FLCDL,9870
P80WNLGBYJ,9960
40DJGKFLT8,9148
F7UWY7RHCL,9995
J0ZLFHCFYD,9897
FK45AT2IX8,9036
2HQZO3SEOI,9031
KFZDJ5FSAS,9449
ELBLTGOX9A,9670
VOOQ445C6D,9868
1W8N4429KH,9811
2E0ZK0M8M6,9211
9UAGIWT7OF,9699
ZUTT7JF24E,9667
H700EIBRY9,9282
JQRQ7KR3NH,9405
R1YLLRJF7U,9405
YCKQ7KLNRK,9782
QEV6K5T5ML,9539
XE5JBDVEMJ,9362
DY89SWQBY6,9524
KLXUJAYQ3M,9819
FMN9HG0BFW,9407
2Q9WSM2XA0,9827
WL5IBL4BZJ,9744
E06RHKGV82,9039
M1GEYCXDM8,9575
8PCNU4PLB1,9233
XAJMQL39B0,9885
HZDIHKIL3C,9089
1TZLAABUN4,9993
UES0OS67A1,9456
CQO9H7JIGD,9553
YTA48Q0LKP,9934
OO5TD38MO8,9027
VNMNE4XUR5,9606
4GFVPM36R1,9983
7PRWXW4FC0,9102
0BFET2ZEQ2,9195
J71TR89IX7,9631
ZENYMT1IH6,9505
9U6M6EHYY3,9013
JGQM9C9H2J,9218
TJX8FVBZY2,9897
MEZU8PUS8F,9305
GVKEDMIXZX,9166
32WS8BXMLR,9854
7S6R0AE1XZ,9982
V6COUNZPS8,9202
F00RLITD48,9001
ORI60BRUIQ,9598
V5WOER7Z9R,9567
KCUEXGFSWN,9130
AFFA0J1XYN,9685
D2SO0QI6BG,9522
Q5ZRT472QL,9592
QR9YAMD8MN,9117
8MUSMGW9MT,9286
NWDEGGRC1J,9154
PM0P2MXPPF,9142
6YB9M72GE0,9088
RB7RDTT6GR,9352
BV96CC1NEC,9969
FNWBOBC0D9,9863
X8NDHS9EHY,9198
O5TOFSM446,9732
NO3J25ZJFO,9698
G0AN2NFGTU,9626
6MJ9CM30TN,9472
X4LLKR7W6D,9141
BOOYET4JM4,9700
EHDWHBTA94,9987
K4T8KC2TYO,9536
30UVZFU1JX,9433
GI9WV9IQFW,9365
IHTX6ZINFG,9504
ZL2032LD1G,9890
2R2HXZMP9P,9914
JCN444W3YA,9800
36T18RYADF,9196
IWLPL95GXN,9237
OZIT2TFU9E,9321
AYW8EZ67NY,9152
V4JV77HT9S,9783
9W3PQ39D8B,9057
LL1Z8807K0,9923
UY013JICXZ,9423
FMH81M5FJ4,9291
S24YAMIYYL,9792
JO7T5564ZH,9646
SP9AQZDE2T,9732
CVGEKPGV12,9065
RMWTTLE3I6,9565
MT4VIT23VI,9542
MKDT6JMLA8,9300
IOT51KMAUZ,9678
V5GIQR28MU,9279
L3TZE14EF3,9446
VSKC1JHPO4,9823
74N5U64TAN,9868
F23RAFE69E,9499
ZQDCYSK8I6,9956
24WPTYUMLK,9402
ASH9G27Y1K,9296
WTC0WPZMP0,9637
8PPPB31OC9,9470
XFSJHUYPP0,9143
CKUJDMAVD5,9217
H53K41B11N,9104
6K1PD90BB9,9308
ZQS6Q8ZFNN,9052
9D4VGBCKMA,9776
OQCR8V5O29,9519
1NW8B3IKXJ,9586
FL4M3JQ6XW,9601
D21HC7F2RS,9031
M4C9YP0EL8,9057
LRUMMVC0PX,9715
02VL1LOL0L,9270
AHGT8PQSWX,9648
AZVXWJK15G,9241
W08OPPXZO2,9301
QYJ18WT8KU,9031
GE68BLDLQ3,9916
PWUTBLI2TE,9950
SW9HKMFHPC,9952
9H34RA07YU,9230
BT5W8N8W9R,9833
EELBEW34LC,9293
I7Q8FL8HTZ,9829
G3W0PI7QTY,9934
9V3ZURZP3G,9121
SGEIS3FQAJ,9579
WV920L27RH,9233
YIB10TAKSV,9246
9X14M88HMX,9089
9186YU4H3O,9985
AU6CRILQEH,9376
RWT8S26YYA,9422
RQ4T26VFVC,9741
124MJ6A844,9084
3D25YCEYP3,9395
78QRKVIBD9,9460
SM91SX93R8,9147
NLDSN5CDTC,9256
0RDM88EEQB,9277
IXUJBL241P,9267
J0K6QWLWKV,9154
O187UN4RY3,9603
JGRRN8O0RM,9400
KWMN6QIVA0,9820
JBT6K12LFU,9498
ECCC02KQLI,9034
XBMHNR5ZPV,9277
747CKEDX5M,9000
BYIW4WW6TA,9552
UY951SXPT8,9627
AFVDE69FCY,9987
NJLLNTMXH3,9184
TSWB5VAR9D,9776
6XW16AA5DZ,9455
UQC3NUHIO1,9022
4MOF63IM6Q,9741
ZZXKSXUHU1,9287
5NAOKD2F2R,9759
IUYKT9UZMB,9804
X869S4RYXG,9093
W8LJ82PTOD,9322
QTSLDQ2GKN,9241
5AF2SS8JNH,9331
FNV5Z3RE37,9358
V8VV1513T8,9801
D4W3C2OET1,9433
79UC06CR3Y,9961
2MJGAF31W1,9242
A70AZVE7AF,9967
LA9JFERTGS,9168
C085YT68PW,9725
G504MHZNYW,9272
ME5LM6NOOK,9224
K0VCWP1QMA,9664
Q197WO3VSJ,9723
HB33ZHNX71,9719
N3ZMSYI0S4,9796
C8ANQUHWU4,9678
7NB8I9ALXQ,9121
