BO8MEH9NU5,9485
RFDLJL0MU2,9480
IWXWBC4UZ3,9330
ILHXPYHK5M,9358
KR842EZI6O,9057
B766WBNLMT,9811
JF7VNT2QTA,9740
EGWA8BJ52G,9508
EVHB5HZCQ7,9959
TAAGLI9UOD,9159
2S8PPU2UGO,9884
YZYPXWATQ2,9173
ERZRH948N5,9552
BUADF9D1BH,9932
8TSRGDIE0B,9939
LFOO13LXGU,9170
LBA35BTGH5,9996
T7HH77874C,9936
EDKCHYL67O,9497
IB74AF24FT,9262
APOTVWQFJZ,9956
H9WQGK29T9,9782
88MZ1BZGXI,9290
52EZA5AL13,9755
Q77BKIKV8X,9692
IUS08PT51U,9951
EMIYU48B84,9104
KEXGPTRUWF,9837
TJITTU295A,9870
8S7O8QWC8Q,9626
0W1PSKLTWH,9686
LGRDK6XIE7,9263
01EOKPRZTC,9665
BNO5BAS8M4,9125
0QCYI3U5JJ,9856
U7S6BEBJ6T,9807
B4BO7MULGU,9782
8U8QP7G61T,9646
16IW8ERX28,9130
O7ELCBJYVS,9695
H7Q2NF5R69,9097
9DBC1B7OZT,9034
DE2XFP9PLB,9217
F10834TA51,9762
SNI83KQZO1,9681
J55T38FUDO,9403
8XWTQKM3HZ,9294
8UABR5L6WH,9624
GISB36C9IF,9037
GYN3JD9J6L,9834
CVSPEMNL5N,9559
JA329NARE2,9124
MNV7FNYFTE,9774
2SIOIW5VO8,9205
SZB6N46TS1,9331
FRORG24WPP,9382
BS3W75UGUT,9184
BJWOES37KL,9520
3NCNFK3DUQ,9513
1E9SVGX31E,9548
U0TGJYOGQ6,9853
VM20JPQP65,9350
HHBZOZAQ2P,9985
2HIHRWCQD7,9128
V92HWYWKJZ,9292
B9MQ5IO58O,9798
4QNXBDMLFN,9441
TXY8EO5W8W,9117
G1ULLC56M3,9998
PT50WT4ML9,9606
IV9TJUT3CJ,9214
W0MRBMF92T,9122
6C057SK5IP,9603
S5ZGRUA9Z8,9106
QJFS4SXGJC,9740
FHTQSWHGGF,9517
L6LMQ364AX,9411
TVX14GXJKE,9462
1HDJEBG455,9319
K86UL3TPNF,9826
MA9WJAS1KV,9911
ILX7HNU3ZY,9989
HRG8ZGJ1YU,9899
M4EYVNWZPI,9916
CXPY3DFMYG,9482
D4PJ16XR08,9723
E7VJT1RBMJ,9473
G1LZR0ME3G,9661
85S951PIO4,9781
FQ1ZM22CA4,9539
B3K3YZYPNX,9856
1JZLHHZEBN,9643
CJ4H7M0GMT,9588
CJ75TPTF19,9161
TZ2CD0TKPB,9022
GFVEQ41O2H,9976
K8M6IM8T8F,9680
YQBNKI7RW6,9851
Q1R1OTWETD,9065
H938ZEEO85,9139
